spam,Hi, good morning! I'm Darlene, a Recruiting Representative at (Amazon), and your resume has been recommended by several online recruiting companies. Therefore, our company is offering you a remote online job, which is a great remote part-time/full-time online job helping (Amazon) merchants update data, increase visibility and bookings, and provide free training. Work for 60 to 90 minutes (depending on your schedule) and earn $50 to $500 per day if you wish. Base salary is $800 for every 4 days worked. 5-day paid probationary period, after which you can sign an employment contract with the company at a base salary of $4100 plus $1000-$5000 performance bonus Paid annual leave: plus maternity, paternity, and other legal holidays. If you would like to participate, please send a message to this number +19297830560.,,,
spam,"Hello, I'm Sierra from Klarna. Your background and resume have been recommended by multiple online recruitment agencies. Therefore, we would like to offer you a great remote online part-time job to help KLARNA merchants update data, increase visibility and bookings, and provide you with free training. Flexible part-time and full-time jobs allow you to work 60 to 90 minutes a day, 4 days a week, earn extra income on weekends too. You can work anytime and anywhere according to your schedule, and earn $200 to $500 a day. The basic salary is $1000 per 4 days worked. Paid annual leave: In addition to maternity leave, paternity leave and other statutory holidays, ordinary employees are entitled to 15-20 days of paid annual leave.
If you would like to join us, please send via SMS function to 5159162609 for more information
(Note: You must be at least 23 years old)",2025-02-17 13:53:23
spam,I'm Hadley  from BrightPath Recruitment.  Are you interested to explore a virtual role?,2025-02-17 13:59:14
ham,hi kazi,2025-02-17 14:21:57
spam,"Hello, I'm Sierra from Klarna. Your background and resume have been recommended by multiple online recruitment agencies. Therefore, we would like to offer you a great remote online part-time job to help KLARNA merchants update data, increase visibility and bookings, and provide you with free training. Flexible part-time and full-time jobs allow you to work 60 to 90 minutes a day, 4 days a week, earn extra income on weekends too. You can work anytime and anywhere according to your schedule, and earn $200 to $500 a day. The basic salary is $1000 per 4 days worked. Paid annual leave: In addition to maternity leave, paternity leave and other statutory holidays, ordinary employees are entitled to 15-20 days of paid annual leave.
If you would like to join us, please send via SMS function to 5159162609 for more information
(Note: You must be at leastÂ 23Â yearsÂ old)",2025-02-23 17:52:45
spam,Congratulations! You've won a $1000 gift card.,2025-02-23 18:07:41
spam,Congratulations! You've won a $1000 gift card.,2025-02-23 18:19:51
spam,Congratulations! You've won a $1000 gift card.,2025-02-23 18:41:14
spam,Congratulations! You've won a $1000 gift card.,2025-02-23 22:55:32
spam,Sorry for interrupting. I'm Sophia Evans from Indeed ðŸ‡¨ðŸ‡¦. There is an exciting post available for you.,2025-02-23 23:08:02
spam,hi,2025-02-23 23:19:50
spam,hello,2025-02-23 23:23:24
ham,I am mahin your class mate,2025-02-23 23:23:55
spam,Sorry for interrupting. I'm Sophia Evans from Indeed ðŸ‡¨ðŸ‡¦. There is an exciting post availableÂ forÂ you.,2025-02-23 23:30:35
spam,Sorry for interrupting. I'm Sophia Evans from Indeed ðŸ‡¨ðŸ‡¦. There is an exciting post available for you.,2025-02-23 23:31:41
spam,Howâ€˜s it goingâ€™? I am Madeline from InsightGlobal Thereâ€˜s a poistion suitalbe for telecommuting. Interested in more detials?-,2025-02-23 23:38:05
